Name,Origin,Texture,Flavor,Aging,Recommended Pairing
Cheddar,England,Smooth,Sharp,6 months to several years,Apple slices and crusty bread
Brie,France,Creamy,Mild,2 weeks to 2 months,Fresh fruits and baguette
Gouda,Netherlands,Nutty,Mild,2 months to 2 years,Grainy mustard and dried fruits
Blue Cheese,Various,Crumbly,Strong,2 to 4 months,Walnuts and honey
Mozzarella,Italy,Stretchy,Mild,Fresh,Olives and tomatoes
Gruy√®re,Switzerland,Firm,Nutty,5 to 12 months,Apples and cured meats
Provolone,Italy,Smooth,Mild,2 months to 2 years,Salami and roasted red peppers
Monterey Jack,United States,Buttery,Mild,1 to 6 months,Salsa and avocado
Emmental,Switzerland,Nutty,Mild,4 to 14 months,Dark bread and pickles
Mascarpone,Italy,Creamy,Mild,Fresh,Espresso and berries
